name,product,location,unit,cost_class,year,scenario,price,currency,price_year,original_price,original_currency,original_price_year,source,conversion_source,trajectory_basis,interpolation,status,notes
chemical factory construction,chemical factory,RER,kilogram,cap,2020,REMIND-EU_SSP2-NDC,5.0,EUR_2025,2025,,,,Generic installed-equipment mass proxy,https://www.ecb.europa.eu/stats/policy_and_exchange_rates/euro_reference_exchange_rates/html/index.en.html,Real constant proxy,linear,PROXY,
chemical factory construction,chemical factory,RER,kilogram,cap,2030,REMIND-EU_SSP2-NDC,5.0,EUR_2025,2025,,,,Generic installed-equipment mass proxy,https://www.ecb.europa.eu/stats/policy_and_exchange_rates/euro_reference_exchange_rates/html/index.en.html,Real constant proxy,linear,PROXY,
chemical factory construction,chemical factory,RER,kilogram,cap,2040,REMIND-EU_SSP2-NDC,5.0,EUR_2025,2025,,,,Generic installed-equipment mass proxy,https://www.ecb.europa.eu/stats/policy_and_exchange_rates/euro_reference_exchange_rates/html/index.en.html,Real constant proxy,linear,PROXY,
chemical factory construction,chemical factory,RER,kilogram,cap,2050,REMIND-EU_SSP2-NDC,5.0,EUR_2025,2025,,,,Generic installed-equipment mass proxy,https://www.ecb.europa.eu/stats/policy_and_exchange_rates/euro_reference_exchange_rates/html/index.en.html,Real constant proxy,linear,PROXY,
"direct air capture system, solvent-based, 1MtCO2",direct air capture system,RER,unit,cap,2020,REMIND-EU_SSP2-NDC,250000000.0,EUR_2025,2025,,,,https://www.iea.org/reports/direct-air-capture-2022/executive-summary,https://www.ecb.europa.eu/stats/policy_and_exchange_rates/euro_reference_exchange_rates/html/index.en.html,Real constant midpoint-derived capital proxy,linear,PROXY,IEA capture-cost range used only as an order-of-magnitude anchor
"direct air capture system, solvent-based, 1MtCO2",direct air capture system,RER,unit,cap,2030,REMIND-EU_SSP2-NDC,250000000.0,EUR_2025,2025,,,,https://www.iea.org/reports/direct-air-capture-2022/executive-summary,https://www.ecb.europa.eu/stats/policy_and_exchange_rates/euro_reference_exchange_rates/html/index.en.html,Real constant midpoint-derived capital proxy,linear,PROXY,IEA capture-cost range used only as an order-of-magnitude anchor
"direct air capture system, solvent-based, 1MtCO2",direct air capture system,RER,unit,cap,2040,REMIND-EU_SSP2-NDC,250000000.0,EUR_2025,2025,,,,https://www.iea.org/reports/direct-air-capture-2022/executive-summary,https://www.ecb.europa.eu/stats/policy_and_exchange_rates/euro_reference_exchange_rates/html/index.en.html,Real constant midpoint-derived capital proxy,linear,PROXY,IEA capture-cost range used only as an order-of-magnitude anchor
"direct air capture system, solvent-based, 1MtCO2",direct air capture system,RER,unit,cap,2050,REMIND-EU_SSP2-NDC,250000000.0,EUR_2025,2025,,,,https://www.iea.org/reports/direct-air-capture-2022/executive-summary,https://www.ecb.europa.eu/stats/policy_and_exchange_rates/euro_reference_exchange_rates/html/index.en.html,Real constant midpoint-derived capital proxy,linear,PROXY,IEA capture-cost range used only as an order-of-magnitude anchor
"electrolyzer production, 1MWe, PEM, Balance of Plant","electrolyzer, 1MWe, PEM, Balance of Plant",RER,unit,cap,2020,REMIND-EU_SSP2-NDC,570000.0,EUR_2025,2025,,,,https://www.irena.org/publications/2020/Dec/Green-hydrogen-cost-reduction,https://www.ecb.europa.eu/stats/policy_and_exchange_rates/euro_reference_exchange_rates/html/index.en.html,Difference between IRENA system and stack costs,linear,PROXY,Approximate USD-to-EUR conversion documented with ECB source
"electrolyzer production, 1MWe, PEM, Balance of Plant","electrolyzer, 1MWe, PEM, Balance of Plant",RER,unit,cap,2030,REMIND-EU_SSP2-NDC,350000.0,EUR_2025,2025,,,,https://www.irena.org/publications/2020/Dec/Green-hydrogen-cost-reduction,https://www.ecb.europa.eu/stats/policy_and_exchange_rates/euro_reference_exchange_rates/html/index.en.html,Difference between IRENA system and stack costs,linear,PROXY,Approximate USD-to-EUR conversion documented with ECB source
"electrolyzer production, 1MWe, PEM, Balance of Plant","electrolyzer, 1MWe, PEM, Balance of Plant",RER,unit,cap,2040,REMIND-EU_SSP2-NDC,200000.0,EUR_2025,2025,,,,https://www.irena.org/publications/2020/Dec/Green-hydrogen-cost-reduction,https://www.ecb.europa.eu/stats/policy_and_exchange_rates/euro_reference_exchange_rates/html/index.en.html,Difference between IRENA system and stack costs,linear,PROXY,Approximate USD-to-EUR conversion documented with ECB source
"electrolyzer production, 1MWe, PEM, Balance of Plant","electrolyzer, 1MWe, PEM, Balance of Plant",RER,unit,cap,2050,REMIND-EU_SSP2-NDC,90000.0,EUR_2025,2025,,,,https://www.irena.org/publications/2020/Dec/Green-hydrogen-cost-reduction,https://www.ecb.europa.eu/stats/policy_and_exchange_rates/euro_reference_exchange_rates/html/index.en.html,Difference between IRENA system and stack costs,linear,PROXY,Approximate USD-to-EUR conversion documented with ECB source
"electrolyzer production, 1MWe, PEM, Stack","electrolyzer, 1MWe, PEM, Stack",RER,unit,cap,2020,REMIND-EU_SSP2-NDC,350000.0,EUR_2025,2025,,,,https://www.irena.org/publications/2020/Dec/Green-hydrogen-cost-reduction,https://www.ecb.europa.eu/stats/policy_and_exchange_rates/euro_reference_exchange_rates/html/index.en.html,IRENA PEM stack cost and 2050 target,linear,PROXY,Approximate USD-to-EUR conversion documented with ECB source
"electrolyzer production, 1MWe, PEM, Stack","electrolyzer, 1MWe, PEM, Stack",RER,unit,cap,2030,REMIND-EU_SSP2-NDC,250000.0,EUR_2025,2025,,,,https://www.irena.org/publications/2020/Dec/Green-hydrogen-cost-reduction,https://www.ecb.europa.eu/stats/policy_and_exchange_rates/euro_reference_exchange_rates/html/index.en.html,IRENA PEM stack cost and 2050 target,linear,PROXY,Approximate USD-to-EUR conversion documented with ECB source
"electrolyzer production, 1MWe, PEM, Stack","electrolyzer, 1MWe, PEM, Stack",RER,unit,cap,2040,REMIND-EU_SSP2-NDC,175000.0,EUR_2025,2025,,,,https://www.irena.org/publications/2020/Dec/Green-hydrogen-cost-reduction,https://www.ecb.europa.eu/stats/policy_and_exchange_rates/euro_reference_exchange_rates/html/index.en.html,IRENA PEM stack cost and 2050 target,linear,PROXY,Approximate USD-to-EUR conversion documented with ECB source
"electrolyzer production, 1MWe, PEM, Stack","electrolyzer, 1MWe, PEM, Stack",RER,unit,cap,2050,REMIND-EU_SSP2-NDC,90000.0,EUR_2025,2025,,,,https://www.irena.org/publications/2020/Dec/Green-hydrogen-cost-reduction,https://www.ecb.europa.eu/stats/policy_and_exchange_rates/euro_reference_exchange_rates/html/index.en.html,IRENA PEM stack cost and 2050 target,linear,PROXY,Approximate USD-to-EUR conversion documented with ECB source
"market for copper, cathode","copper, cathode",GLO,kilogram,cap,2020,REMIND-EU_SSP2-NDC,8.5,EUR_2025,2025,,,,https://thedocs.worldbank.org/en/doc/18675f1d1639c7a34d463f59263ba0a2-0050012025/,https://www.ecb.europa.eu/stats/policy_and_exchange_rates/euro_reference_exchange_rates/html/index.en.html,Real constant 2025 commodity proxy,linear,PROXY,
"market for copper, cathode","copper, cathode",GLO,kilogram,cap,2030,REMIND-EU_SSP2-NDC,8.5,EUR_2025,2025,,,,https://thedocs.worldbank.org/en/doc/18675f1d1639c7a34d463f59263ba0a2-0050012025/,https://www.ecb.europa.eu/stats/policy_and_exchange_rates/euro_reference_exchange_rates/html/index.en.html,Real constant 2025 commodity proxy,linear,PROXY,
"market for copper, cathode","copper, cathode",GLO,kilogram,cap,2040,REMIND-EU_SSP2-NDC,8.5,EUR_2025,2025,,,,https://thedocs.worldbank.org/en/doc/18675f1d1639c7a34d463f59263ba0a2-0050012025/,https://www.ecb.europa.eu/stats/policy_and_exchange_rates/euro_reference_exchange_rates/html/index.en.html,Real constant 2025 commodity proxy,linear,PROXY,
"market for copper, cathode","copper, cathode",GLO,kilogram,cap,2050,REMIND-EU_SSP2-NDC,8.5,EUR_2025,2025,,,,https://thedocs.worldbank.org/en/doc/18675f1d1639c7a34d463f59263ba0a2-0050012025/,https://www.ecb.europa.eu/stats/policy_and_exchange_rates/euro_reference_exchange_rates/html/index.en.html,Real constant 2025 commodity proxy,linear,PROXY,
"market for steel, low-alloyed","steel, low-alloyed",GLO,kilogram,cap,2020,REMIND-EU_SSP2-NDC,1.5,EUR_2025,2025,,,,https://thedocs.worldbank.org/en/doc/18675f1d1639c7a34d463f59263ba0a2-0050012025/,https://www.ecb.europa.eu/stats/policy_and_exchange_rates/euro_reference_exchange_rates/html/index.en.html,Real constant fabricated-steel proxy,linear,PROXY,
"market for steel, low-alloyed","steel, low-alloyed",GLO,kilogram,cap,2030,REMIND-EU_SSP2-NDC,1.5,EUR_2025,2025,,,,https://thedocs.worldbank.org/en/doc/18675f1d1639c7a34d463f59263ba0a2-0050012025/,https://www.ecb.europa.eu/stats/policy_and_exchange_rates/euro_reference_exchange_rates/html/index.en.html,Real constant fabricated-steel proxy,linear,PROXY,
"market for steel, low-alloyed","steel, low-alloyed",GLO,kilogram,cap,2040,REMIND-EU_SSP2-NDC,1.5,EUR_2025,2025,,,,https://thedocs.worldbank.org/en/doc/18675f1d1639c7a34d463f59263ba0a2-0050012025/,https://www.ecb.europa.eu/stats/policy_and_exchange_rates/euro_reference_exchange_rates/html/index.en.html,Real constant fabricated-steel proxy,linear,PROXY,
"market for steel, low-alloyed","steel, low-alloyed",GLO,kilogram,cap,2050,REMIND-EU_SSP2-NDC,1.5,EUR_2025,2025,,,,https://thedocs.worldbank.org/en/doc/18675f1d1639c7a34d463f59263ba0a2-0050012025/,https://www.ecb.europa.eu/stats/policy_and_exchange_rates/euro_reference_exchange_rates/html/index.en.html,Real constant fabricated-steel proxy,linear,PROXY,
"methanol production facility, construction","methanol production facility, construction",RER,unit,cap,2020,REMIND-EU_SSP2-NDC,100000000.0,EUR_2025,2025,,,,Engineering order-of-magnitude proxy,https://www.ecb.europa.eu/stats/policy_and_exchange_rates/euro_reference_exchange_rates/html/index.en.html,Real constant proxy,linear,PROXY,
"methanol production facility, construction","methanol production facility, construction",RER,unit,cap,2030,REMIND-EU_SSP2-NDC,100000000.0,EUR_2025,2025,,,,Engineering order-of-magnitude proxy,https://www.ecb.europa.eu/stats/policy_and_exchange_rates/euro_reference_exchange_rates/html/index.en.html,Real constant proxy,linear,PROXY,
"methanol production facility, construction","methanol production facility, construction",RER,unit,cap,2040,REMIND-EU_SSP2-NDC,100000000.0,EUR_2025,2025,,,,Engineering order-of-magnitude proxy,https://www.ecb.europa.eu/stats/policy_and_exchange_rates/euro_reference_exchange_rates/html/index.en.html,Real constant proxy,linear,PROXY,
"methanol production facility, construction","methanol production facility, construction",RER,unit,cap,2050,REMIND-EU_SSP2-NDC,100000000.0,EUR_2025,2025,,,,Engineering order-of-magnitude proxy,https://www.ecb.europa.eu/stats/policy_and_exchange_rates/euro_reference_exchange_rates/html/index.en.html,Real constant proxy,linear,PROXY,
"chemical factory construction, organics","chemical factory, organics",RER,unit,cap,2020,REMIND-EU_SSP2-NDC,100000000.0,EUR_2025,2025,,,,Engineering order-of-magnitude proxy,https://www.ecb.europa.eu/stats/policy_and_exchange_rates/euro_reference_exchange_rates/html/index.en.html,Real constant proxy,linear,PROXY,
"chemical factory construction, organics","chemical factory, organics",RER,unit,cap,2030,REMIND-EU_SSP2-NDC,100000000.0,EUR_2025,2025,,,,Engineering order-of-magnitude proxy,https://www.ecb.europa.eu/stats/policy_and_exchange_rates/euro_reference_exchange_rates/html/index.en.html,Real constant proxy,linear,PROXY,
"chemical factory construction, organics","chemical factory, organics",RER,unit,cap,2040,REMIND-EU_SSP2-NDC,100000000.0,EUR_2025,2025,,,,Engineering order-of-magnitude proxy,https://www.ecb.europa.eu/stats/policy_and_exchange_rates/euro_reference_exchange_rates/html/index.en.html,Real constant proxy,linear,PROXY,
"chemical factory construction, organics","chemical factory, organics",RER,unit,cap,2050,REMIND-EU_SSP2-NDC,100000000.0,EUR_2025,2025,,,,Engineering order-of-magnitude proxy,https://www.ecb.europa.eu/stats/policy_and_exchange_rates/euro_reference_exchange_rates/html/index.en.html,Real constant proxy,linear,PROXY,
"cooling energy production, at -25 °C, propylene compression refrigeration system 1 MW","cooling energy, at -25 °C",GLO,megajoule,op,2020,REMIND-EU_SSP2-NDC,0.03,EUR_2025,2025,,,,https://ec.europa.eu/eurostat/web/products-eurostat-news/w/ddn-20260508-2,https://www.ecb.europa.eu/stats/policy_and_exchange_rates/euro_reference_exchange_rates/html/index.en.html,Temperature-adjusted cooling proxy,linear,PROXY,
"cooling energy production, at -25 °C, propylene compression refrigeration system 1 MW","cooling energy, at -25 °C",GLO,megajoule,op,2030,REMIND-EU_SSP2-NDC,0.03,EUR_2025,2025,,,,https://ec.europa.eu/eurostat/web/products-eurostat-news/w/ddn-20260508-2,https://www.ecb.europa.eu/stats/policy_and_exchange_rates/euro_reference_exchange_rates/html/index.en.html,Temperature-adjusted cooling proxy,linear,PROXY,
"cooling energy production, at -25 °C, propylene compression refrigeration system 1 MW","cooling energy, at -25 °C",GLO,megajoule,op,2040,REMIND-EU_SSP2-NDC,0.03,EUR_2025,2025,,,,https://ec.europa.eu/eurostat/web/products-eurostat-news/w/ddn-20260508-2,https://www.ecb.europa.eu/stats/policy_and_exchange_rates/euro_reference_exchange_rates/html/index.en.html,Temperature-adjusted cooling proxy,linear,PROXY,
"cooling energy production, at -25 °C, propylene compression refrigeration system 1 MW","cooling energy, at -25 °C",GLO,megajoule,op,2050,REMIND-EU_SSP2-NDC,0.03,EUR_2025,2025,,,,https://ec.europa.eu/eurostat/web/products-eurostat-news/w/ddn-20260508-2,https://www.ecb.europa.eu/stats/policy_and_exchange_rates/euro_reference_exchange_rates/html/index.en.html,Temperature-adjusted cooling proxy,linear,PROXY,
"heat production, at heat pump 30kW, allocation exergy","heat, central or small-scale, other than natural gas",Europe without Switzerland,megajoule,op,2020,REMIND-EU_SSP2-NDC,0.02,EUR_2025,2025,,,,https://ec.europa.eu/eurostat/web/products-eurostat-news/w/ddn-20260508-2,https://www.ecb.europa.eu/stats/policy_and_exchange_rates/euro_reference_exchange_rates/html/index.en.html,Electricity-price-derived heat proxy,linear,PROXY,
"heat production, at heat pump 30kW, allocation exergy","heat, central or small-scale, other than natural gas",Europe without Switzerland,megajoule,op,2030,REMIND-EU_SSP2-NDC,0.02,EUR_2025,2025,,,,https://ec.europa.eu/eurostat/web/products-eurostat-news/w/ddn-20260508-2,https://www.ecb.europa.eu/stats/policy_and_exchange_rates/euro_reference_exchange_rates/html/index.en.html,Electricity-price-derived heat proxy,linear,PROXY,
"heat production, at heat pump 30kW, allocation exergy","heat, central or small-scale, other than natural gas",Europe without Switzerland,megajoule,op,2040,REMIND-EU_SSP2-NDC,0.02,EUR_2025,2025,,,,https://ec.europa.eu/eurostat/web/products-eurostat-news/w/ddn-20260508-2,https://www.ecb.europa.eu/stats/policy_and_exchange_rates/euro_reference_exchange_rates/html/index.en.html,Electricity-price-derived heat proxy,linear,PROXY,
"heat production, at heat pump 30kW, allocation exergy","heat, central or small-scale, other than natural gas",Europe without Switzerland,megajoule,op,2050,REMIND-EU_SSP2-NDC,0.02,EUR_2025,2025,,,,https://ec.europa.eu/eurostat/web/products-eurostat-news/w/ddn-20260508-2,https://www.ecb.europa.eu/stats/policy_and_exchange_rates/euro_reference_exchange_rates/html/index.en.html,Electricity-price-derived heat proxy,linear,PROXY,
"market for activated carbon, granular","activated carbon, granular",GLO,kilogram,op,2020,REMIND-EU_SSP2-NDC,2.5,EUR_2025,2025,,,,Generic activated-carbon market proxy,https://www.ecb.europa.eu/stats/policy_and_exchange_rates/euro_reference_exchange_rates/html/index.en.html,Real constant proxy,linear,PROXY,
"market for activated carbon, granular","activated carbon, granular",GLO,kilogram,op,2030,REMIND-EU_SSP2-NDC,2.5,EUR_2025,2025,,,,Generic activated-carbon market proxy,https://www.ecb.europa.eu/stats/policy_and_exchange_rates/euro_reference_exchange_rates/html/index.en.html,Real constant proxy,linear,PROXY,
"market for activated carbon, granular","activated carbon, granular",GLO,kilogram,op,2040,REMIND-EU_SSP2-NDC,2.5,EUR_2025,2025,,,,Generic activated-carbon market proxy,https://www.ecb.europa.eu/stats/policy_and_exchange_rates/euro_reference_exchange_rates/html/index.en.html,Real constant proxy,linear,PROXY,
"market for activated carbon, granular","activated carbon, granular",GLO,kilogram,op,2050,REMIND-EU_SSP2-NDC,2.5,EUR_2025,2025,,,,Generic activated-carbon market proxy,https://www.ecb.europa.eu/stats/policy_and_exchange_rates/euro_reference_exchange_rates/html/index.en.html,Real constant proxy,linear,PROXY,
market for cooling energy,cooling energy,GLO,megajoule,op,2020,REMIND-EU_SSP2-NDC,0.02,EUR_2025,2025,,,,https://ec.europa.eu/eurostat/web/products-eurostat-news/w/ddn-20260508-2,https://www.ecb.europa.eu/stats/policy_and_exchange_rates/euro_reference_exchange_rates/html/index.en.html,Electricity-price-derived cooling proxy,linear,PROXY,
market for cooling energy,cooling energy,GLO,megajoule,op,2030,REMIND-EU_SSP2-NDC,0.02,EUR_2025,2025,,,,https://ec.europa.eu/eurostat/web/products-eurostat-news/w/ddn-20260508-2,https://www.ecb.europa.eu/stats/policy_and_exchange_rates/euro_reference_exchange_rates/html/index.en.html,Electricity-price-derived cooling proxy,linear,PROXY,
market for cooling energy,cooling energy,GLO,megajoule,op,2040,REMIND-EU_SSP2-NDC,0.02,EUR_2025,2025,,,,https://ec.europa.eu/eurostat/web/products-eurostat-news/w/ddn-20260508-2,https://www.ecb.europa.eu/stats/policy_and_exchange_rates/euro_reference_exchange_rates/html/index.en.html,Electricity-price-derived cooling proxy,linear,PROXY,
market for cooling energy,cooling energy,GLO,megajoule,op,2050,REMIND-EU_SSP2-NDC,0.02,EUR_2025,2025,,,,https://ec.europa.eu/eurostat/web/products-eurostat-news/w/ddn-20260508-2,https://www.ecb.europa.eu/stats/policy_and_exchange_rates/euro_reference_exchange_rates/html/index.en.html,Electricity-price-derived cooling proxy,linear,PROXY,
"market for cooling energy, at -100 °C","cooling energy, at -100 °C",GLO,megajoule,op,2020,REMIND-EU_SSP2-NDC,0.1,EUR_2025,2025,,,,https://ec.europa.eu/eurostat/web/products-eurostat-news/w/ddn-20260508-2,https://www.ecb.europa.eu/stats/policy_and_exchange_rates/euro_reference_exchange_rates/html/index.en.html,Temperature-adjusted cryogenic-cooling proxy,linear,PROXY,
"market for cooling energy, at -100 °C","cooling energy, at -100 °C",GLO,megajoule,op,2030,REMIND-EU_SSP2-NDC,0.1,EUR_2025,2025,,,,https://ec.europa.eu/eurostat/web/products-eurostat-news/w/ddn-20260508-2,https://www.ecb.europa.eu/stats/policy_and_exchange_rates/euro_reference_exchange_rates/html/index.en.html,Temperature-adjusted cryogenic-cooling proxy,linear,PROXY,
"market for cooling energy, at -100 °C","cooling energy, at -100 °C",GLO,megajoule,op,2040,REMIND-EU_SSP2-NDC,0.1,EUR_2025,2025,,,,https://ec.europa.eu/eurostat/web/products-eurostat-news/w/ddn-20260508-2,https://www.ecb.europa.eu/stats/policy_and_exchange_rates/euro_reference_exchange_rates/html/index.en.html,Temperature-adjusted cryogenic-cooling proxy,linear,PROXY,
"market for cooling energy, at -100 °C","cooling energy, at -100 °C",GLO,megajoule,op,2050,REMIND-EU_SSP2-NDC,0.1,EUR_2025,2025,,,,https://ec.europa.eu/eurostat/web/products-eurostat-news/w/ddn-20260508-2,https://www.ecb.europa.eu/stats/policy_and_exchange_rates/euro_reference_exchange_rates/html/index.en.html,Temperature-adjusted cryogenic-cooling proxy,linear,PROXY,
"market for cooling energy, at -15 °C","cooling energy, at -15 °C",GLO,megajoule,op,2020,REMIND-EU_SSP2-NDC,0.025,EUR_2025,2025,,,,https://ec.europa.eu/eurostat/web/products-eurostat-news/w/ddn-20260508-2,https://www.ecb.europa.eu/stats/policy_and_exchange_rates/euro_reference_exchange_rates/html/index.en.html,Temperature-adjusted cooling proxy,linear,PROXY,
"market for cooling energy, at -15 °C","cooling energy, at -15 °C",GLO,megajoule,op,2030,REMIND-EU_SSP2-NDC,0.025,EUR_2025,2025,,,,https://ec.europa.eu/eurostat/web/products-eurostat-news/w/ddn-20260508-2,https://www.ecb.europa.eu/stats/policy_and_exchange_rates/euro_reference_exchange_rates/html/index.en.html,Temperature-adjusted cooling proxy,linear,PROXY,
"market for cooling energy, at -15 °C","cooling energy, at -15 °C",GLO,megajoule,op,2040,REMIND-EU_SSP2-NDC,0.025,EUR_2025,2025,,,,https://ec.europa.eu/eurostat/web/products-eurostat-news/w/ddn-20260508-2,https://www.ecb.europa.eu/stats/policy_and_exchange_rates/euro_reference_exchange_rates/html/index.en.html,Temperature-adjusted cooling proxy,linear,PROXY,
"market for cooling energy, at -15 °C","cooling energy, at -15 °C",GLO,megajoule,op,2050,REMIND-EU_SSP2-NDC,0.025,EUR_2025,2025,,,,https://ec.europa.eu/eurostat/web/products-eurostat-news/w/ddn-20260508-2,https://www.ecb.europa.eu/stats/policy_and_exchange_rates/euro_reference_exchange_rates/html/index.en.html,Temperature-adjusted cooling proxy,linear,PROXY,
"market for cooling energy, at -45 °C","cooling energy, at -45 °C",GLO,megajoule,op,2020,REMIND-EU_SSP2-NDC,0.04,EUR_2025,2025,,,,https://ec.europa.eu/eurostat/web/products-eurostat-news/w/ddn-20260508-2,https://www.ecb.europa.eu/stats/policy_and_exchange_rates/euro_reference_exchange_rates/html/index.en.html,Temperature-adjusted cooling proxy,linear,PROXY,
"market for cooling energy, at -45 °C","cooling energy, at -45 °C",GLO,megajoule,op,2030,REMIND-EU_SSP2-NDC,0.04,EUR_2025,2025,,,,https://ec.europa.eu/eurostat/web/products-eurostat-news/w/ddn-20260508-2,https://www.ecb.europa.eu/stats/policy_and_exchange_rates/euro_reference_exchange_rates/html/index.en.html,Temperature-adjusted cooling proxy,linear,PROXY,
"market for cooling energy, at -45 °C","cooling energy, at -45 °C",GLO,megajoule,op,2040,REMIND-EU_SSP2-NDC,0.04,EUR_2025,2025,,,,https://ec.europa.eu/eurostat/web/products-eurostat-news/w/ddn-20260508-2,https://www.ecb.europa.eu/stats/policy_and_exchange_rates/euro_reference_exchange_rates/html/index.en.html,Temperature-adjusted cooling proxy,linear,PROXY,
"market for cooling energy, at -45 °C","cooling energy, at -45 °C",GLO,megajoule,op,2050,REMIND-EU_SSP2-NDC,0.04,EUR_2025,2025,,,,https://ec.europa.eu/eurostat/web/products-eurostat-news/w/ddn-20260508-2,https://www.ecb.europa.eu/stats/policy_and_exchange_rates/euro_reference_exchange_rates/html/index.en.html,Temperature-adjusted cooling proxy,linear,PROXY,
"market for cooling energy, at -55 °C","cooling energy, at -55 °C",GLO,megajoule,op,2020,REMIND-EU_SSP2-NDC,0.05,EUR_2025,2025,,,,https://ec.europa.eu/eurostat/web/products-eurostat-news/w/ddn-20260508-2,https://www.ecb.europa.eu/stats/policy_and_exchange_rates/euro_reference_exchange_rates/html/index.en.html,Temperature-adjusted cooling proxy,linear,PROXY,
"market for cooling energy, at -55 °C","cooling energy, at -55 °C",GLO,megajoule,op,2030,REMIND-EU_SSP2-NDC,0.05,EUR_2025,2025,,,,https://ec.europa.eu/eurostat/web/products-eurostat-news/w/ddn-20260508-2,https://www.ecb.europa.eu/stats/policy_and_exchange_rates/euro_reference_exchange_rates/html/index.en.html,Temperature-adjusted cooling proxy,linear,PROXY,
"market for cooling energy, at -55 °C","cooling energy, at -55 °C",GLO,megajoule,op,2040,REMIND-EU_SSP2-NDC,0.05,EUR_2025,2025,,,,https://ec.europa.eu/eurostat/web/products-eurostat-news/w/ddn-20260508-2,https://www.ecb.europa.eu/stats/policy_and_exchange_rates/euro_reference_exchange_rates/html/index.en.html,Temperature-adjusted cooling proxy,linear,PROXY,
"market for cooling energy, at -55 °C","cooling energy, at -55 °C",GLO,megajoule,op,2050,REMIND-EU_SSP2-NDC,0.05,EUR_2025,2025,,,,https://ec.europa.eu/eurostat/web/products-eurostat-news/w/ddn-20260508-2,https://www.ecb.europa.eu/stats/policy_and_exchange_rates/euro_reference_exchange_rates/html/index.en.html,Temperature-adjusted cooling proxy,linear,PROXY,
"market for electricity, medium voltage","electricity, medium voltage",DE,kilowatt hour,op,2020,REMIND-EU_SSP2-NDC,0.1837,EUR_2025,2025,,,,https://ec.europa.eu/eurostat/web/products-eurostat-news/w/ddn-20260508-2,https://www.ecb.europa.eu/stats/policy_and_exchange_rates/euro_reference_exchange_rates/html/index.en.html,Real constant EU non-household 2025 proxy,linear,PROXY,
"market for electricity, medium voltage","electricity, medium voltage",DE,kilowatt hour,op,2030,REMIND-EU_SSP2-NDC,0.1837,EUR_2025,2025,,,,https://ec.europa.eu/eurostat/web/products-eurostat-news/w/ddn-20260508-2,https://www.ecb.europa.eu/stats/policy_and_exchange_rates/euro_reference_exchange_rates/html/index.en.html,Real constant EU non-household 2025 proxy,linear,PROXY,
"market for electricity, medium voltage","electricity, medium voltage",DE,kilowatt hour,op,2040,REMIND-EU_SSP2-NDC,0.1837,EUR_2025,2025,,,,https://ec.europa.eu/eurostat/web/products-eurostat-news/w/ddn-20260508-2,https://www.ecb.europa.eu/stats/policy_and_exchange_rates/euro_reference_exchange_rates/html/index.en.html,Real constant EU non-household 2025 proxy,linear,PROXY,
"market for electricity, medium voltage","electricity, medium voltage",DE,kilowatt hour,op,2050,REMIND-EU_SSP2-NDC,0.1837,EUR_2025,2025,,,,https://ec.europa.eu/eurostat/web/products-eurostat-news/w/ddn-20260508-2,https://www.ecb.europa.eu/stats/policy_and_exchange_rates/euro_reference_exchange_rates/html/index.en.html,Real constant EU non-household 2025 proxy,linear,PROXY,
"market for heat, district or industrial, natural gas","heat, district or industrial, natural gas",Europe without Switzerland,megajoule,op,2020,REMIND-EU_SSP2-NDC,0.015,EUR_2025,2025,,,,https://ec.europa.eu/eurostat/web/interactive-publications/energy-2026,https://www.ecb.europa.eu/stats/policy_and_exchange_rates/euro_reference_exchange_rates/html/index.en.html,Industrial-gas-price-derived heat proxy,linear,PROXY,
"market for heat, district or industrial, natural gas","heat, district or industrial, natural gas",Europe without Switzerland,megajoule,op,2030,REMIND-EU_SSP2-NDC,0.015,EUR_2025,2025,,,,https://ec.europa.eu/eurostat/web/interactive-publications/energy-2026,https://www.ecb.europa.eu/stats/policy_and_exchange_rates/euro_reference_exchange_rates/html/index.en.html,Industrial-gas-price-derived heat proxy,linear,PROXY,
"market for heat, district or industrial, natural gas","heat, district or industrial, natural gas",Europe without Switzerland,megajoule,op,2040,REMIND-EU_SSP2-NDC,0.015,EUR_2025,2025,,,,https://ec.europa.eu/eurostat/web/interactive-publications/energy-2026,https://www.ecb.europa.eu/stats/policy_and_exchange_rates/euro_reference_exchange_rates/html/index.en.html,Industrial-gas-price-derived heat proxy,linear,PROXY,
"market for heat, district or industrial, natural gas","heat, district or industrial, natural gas",Europe without Switzerland,megajoule,op,2050,REMIND-EU_SSP2-NDC,0.015,EUR_2025,2025,,,,https://ec.europa.eu/eurostat/web/interactive-publications/energy-2026,https://www.ecb.europa.eu/stats/policy_and_exchange_rates/euro_reference_exchange_rates/html/index.en.html,Industrial-gas-price-derived heat proxy,linear,PROXY,
"market for wastewater, unpolluted","wastewater, unpolluted",RoW,cubic meter,op,2020,REMIND-EU_SSP2-NDC,-0.003,EUR_2025,2025,,,,European wastewater tariff proxy,https://www.ecb.europa.eu/stats/policy_and_exchange_rates/euro_reference_exchange_rates/html/index.en.html,Real constant proxy,linear,PROXY,Negative service price with negative waste-output exchange
"market for wastewater, unpolluted","wastewater, unpolluted",RoW,cubic meter,op,2030,REMIND-EU_SSP2-NDC,-0.003,EUR_2025,2025,,,,European wastewater tariff proxy,https://www.ecb.europa.eu/stats/policy_and_exchange_rates/euro_reference_exchange_rates/html/index.en.html,Real constant proxy,linear,PROXY,Negative service price with negative waste-output exchange
"market for wastewater, unpolluted","wastewater, unpolluted",RoW,cubic meter,op,2040,REMIND-EU_SSP2-NDC,-0.003,EUR_2025,2025,,,,European wastewater tariff proxy,https://www.ecb.europa.eu/stats/policy_and_exchange_rates/euro_reference_exchange_rates/html/index.en.html,Real constant proxy,linear,PROXY,Negative service price with negative waste-output exchange
"market for wastewater, unpolluted","wastewater, unpolluted",RoW,cubic meter,op,2050,REMIND-EU_SSP2-NDC,-0.003,EUR_2025,2025,,,,European wastewater tariff proxy,https://www.ecb.europa.eu/stats/policy_and_exchange_rates/euro_reference_exchange_rates/html/index.en.html,Real constant proxy,linear,PROXY,Negative service price with negative waste-output exchange
"market for water, deionised","water, deionised",Europe without Switzerland,kilogram,op,2020,REMIND-EU_SSP2-NDC,0.002,EUR_2025,2025,,,,European industrial-water tariff proxy,https://www.ecb.europa.eu/stats/policy_and_exchange_rates/euro_reference_exchange_rates/html/index.en.html,Real constant proxy,linear,PROXY,
"market for water, deionised","water, deionised",Europe without Switzerland,kilogram,op,2030,REMIND-EU_SSP2-NDC,0.002,EUR_2025,2025,,,,European industrial-water tariff proxy,https://www.ecb.europa.eu/stats/policy_and_exchange_rates/euro_reference_exchange_rates/html/index.en.html,Real constant proxy,linear,PROXY,
"market for water, deionised","water, deionised",Europe without Switzerland,kilogram,op,2040,REMIND-EU_SSP2-NDC,0.002,EUR_2025,2025,,,,European industrial-water tariff proxy,https://www.ecb.europa.eu/stats/policy_and_exchange_rates/euro_reference_exchange_rates/html/index.en.html,Real constant proxy,linear,PROXY,
"market for water, deionised","water, deionised",Europe without Switzerland,kilogram,op,2050,REMIND-EU_SSP2-NDC,0.002,EUR_2025,2025,,,,European industrial-water tariff proxy,https://www.ecb.europa.eu/stats/policy_and_exchange_rates/euro_reference_exchange_rates/html/index.en.html,Real constant proxy,linear,PROXY,
"treatment of spent anion exchange resin from potable water production, municipal incineration",spent anion exchange resin from potable water production,GLO,kilogram,op,2020,REMIND-EU_SSP2-NDC,-0.5,EUR_2025,2025,,,,Generic hazardous-treatment proxy,https://www.ecb.europa.eu/stats/policy_and_exchange_rates/euro_reference_exchange_rates/html/index.en.html,Real constant proxy,linear,PROXY,Negative service price with negative waste-output exchange
"treatment of spent anion exchange resin from potable water production, municipal incineration",spent anion exchange resin from potable water production,GLO,kilogram,op,2030,REMIND-EU_SSP2-NDC,-0.5,EUR_2025,2025,,,,Generic hazardous-treatment proxy,https://www.ecb.europa.eu/stats/policy_and_exchange_rates/euro_reference_exchange_rates/html/index.en.html,Real constant proxy,linear,PROXY,Negative service price with negative waste-output exchange
"treatment of spent anion exchange resin from potable water production, municipal incineration",spent anion exchange resin from potable water production,GLO,kilogram,op,2040,REMIND-EU_SSP2-NDC,-0.5,EUR_2025,2025,,,,Generic hazardous-treatment proxy,https://www.ecb.europa.eu/stats/policy_and_exchange_rates/euro_reference_exchange_rates/html/index.en.html,Real constant proxy,linear,PROXY,Negative service price with negative waste-output exchange
"treatment of spent anion exchange resin from potable water production, municipal incineration",spent anion exchange resin from potable water production,GLO,kilogram,op,2050,REMIND-EU_SSP2-NDC,-0.5,EUR_2025,2025,,,,Generic hazardous-treatment proxy,https://www.ecb.europa.eu/stats/policy_and_exchange_rates/euro_reference_exchange_rates/html/index.en.html,Real constant proxy,linear,PROXY,Negative service price with negative waste-output exchange
market for butane,butane,RoW,kilogram,op,2020,REMIND-EU_SSP2-NDC,1.0,EUR_2025,2025,,,,Technical placeholder; replace with researched steam-cracking input price,https://www.ecb.europa.eu/stats/policy_and_exchange_rates/euro_reference_exchange_rates/html/index.en.html,Real constant placeholder,linear,PLACEHOLDER,
market for butane,butane,RoW,kilogram,op,2030,REMIND-EU_SSP2-NDC,1.0,EUR_2025,2025,,,,Technical placeholder; replace with researched steam-cracking input price,https://www.ecb.europa.eu/stats/policy_and_exchange_rates/euro_reference_exchange_rates/html/index.en.html,Real constant placeholder,linear,PLACEHOLDER,
market for butane,butane,RoW,kilogram,op,2040,REMIND-EU_SSP2-NDC,1.0,EUR_2025,2025,,,,Technical placeholder; replace with researched steam-cracking input price,https://www.ecb.europa.eu/stats/policy_and_exchange_rates/euro_reference_exchange_rates/html/index.en.html,Real constant placeholder,linear,PLACEHOLDER,
market for butane,butane,RoW,kilogram,op,2050,REMIND-EU_SSP2-NDC,1.0,EUR_2025,2025,,,,Technical placeholder; replace with researched steam-cracking input price,https://www.ecb.europa.eu/stats/policy_and_exchange_rates/euro_reference_exchange_rates/html/index.en.html,Real constant placeholder,linear,PLACEHOLDER,
"market for compressed air, 700 kPa gauge","compressed air, 700 kPa gauge",RER,cubic meter,op,2020,REMIND-EU_SSP2-NDC,1.0,EUR_2025,2025,,,,Technical placeholder; replace with researched steam-cracking input price,https://www.ecb.europa.eu/stats/policy_and_exchange_rates/euro_reference_exchange_rates/html/index.en.html,Real constant placeholder,linear,PLACEHOLDER,
"market for compressed air, 700 kPa gauge","compressed air, 700 kPa gauge",RER,cubic meter,op,2030,REMIND-EU_SSP2-NDC,1.0,EUR_2025,2025,,,,Technical placeholder; replace with researched steam-cracking input price,https://www.ecb.europa.eu/stats/policy_and_exchange_rates/euro_reference_exchange_rates/html/index.en.html,Real constant placeholder,linear,PLACEHOLDER,
"market for compressed air, 700 kPa gauge","compressed air, 700 kPa gauge",RER,cubic meter,op,2040,REMIND-EU_SSP2-NDC,1.0,EUR_2025,2025,,,,Technical placeholder; replace with researched steam-cracking input price,https://www.ecb.europa.eu/stats/policy_and_exchange_rates/euro_reference_exchange_rates/html/index.en.html,Real constant placeholder,linear,PLACEHOLDER,
"market for compressed air, 700 kPa gauge","compressed air, 700 kPa gauge",RER,cubic meter,op,2050,REMIND-EU_SSP2-NDC,1.0,EUR_2025,2025,,,,Technical placeholder; replace with researched steam-cracking input price,https://www.ecb.europa.eu/stats/policy_and_exchange_rates/euro_reference_exchange_rates/html/index.en.html,Real constant placeholder,linear,PLACEHOLDER,
market for diesel,diesel,DEU,kilogram,op,2020,REMIND-EU_SSP2-NDC,1.0,EUR_2025,2025,,,,Technical placeholder; replace with researched steam-cracking input price,https://www.ecb.europa.eu/stats/policy_and_exchange_rates/euro_reference_exchange_rates/html/index.en.html,Real constant placeholder,linear,PLACEHOLDER,
market for diesel,diesel,DEU,kilogram,op,2030,REMIND-EU_SSP2-NDC,1.0,EUR_2025,2025,,,,Technical placeholder; replace with researched steam-cracking input price,https://www.ecb.europa.eu/stats/policy_and_exchange_rates/euro_reference_exchange_rates/html/index.en.html,Real constant placeholder,linear,PLACEHOLDER,
market for diesel,diesel,DEU,kilogram,op,2040,REMIND-EU_SSP2-NDC,1.0,EUR_2025,2025,,,,Technical placeholder; replace with researched steam-cracking input price,https://www.ecb.europa.eu/stats/policy_and_exchange_rates/euro_reference_exchange_rates/html/index.en.html,Real constant placeholder,linear,PLACEHOLDER,
market for diesel,diesel,DEU,kilogram,op,2050,REMIND-EU_SSP2-NDC,1.0,EUR_2025,2025,,,,Technical placeholder; replace with researched steam-cracking input price,https://www.ecb.europa.eu/stats/policy_and_exchange_rates/euro_reference_exchange_rates/html/index.en.html,Real constant placeholder,linear,PLACEHOLDER,
market for ethane,ethane,RoW,kilogram,op,2020,REMIND-EU_SSP2-NDC,1.0,EUR_2025,2025,,,,Technical placeholder; replace with researched steam-cracking input price,https://www.ecb.europa.eu/stats/policy_and_exchange_rates/euro_reference_exchange_rates/html/index.en.html,Real constant placeholder,linear,PLACEHOLDER,
market for ethane,ethane,RoW,kilogram,op,2030,REMIND-EU_SSP2-NDC,1.0,EUR_2025,2025,,,,Technical placeholder; replace with researched steam-cracking input price,https://www.ecb.europa.eu/stats/policy_and_exchange_rates/euro_reference_exchange_rates/html/index.en.html,Real constant placeholder,linear,PLACEHOLDER,
market for ethane,ethane,RoW,kilogram,op,2040,REMIND-EU_SSP2-NDC,1.0,EUR_2025,2025,,,,Technical placeholder; replace with researched steam-cracking input price,https://www.ecb.europa.eu/stats/policy_and_exchange_rates/euro_reference_exchange_rates/html/index.en.html,Real constant placeholder,linear,PLACEHOLDER,
market for ethane,ethane,RoW,kilogram,op,2050,REMIND-EU_SSP2-NDC,1.0,EUR_2025,2025,,,,Technical placeholder; replace with researched steam-cracking input price,https://www.ecb.europa.eu/stats/policy_and_exchange_rates/euro_reference_exchange_rates/html/index.en.html,Real constant placeholder,linear,PLACEHOLDER,
"market for hazardous waste, for incineration","hazardous waste, for incineration",CH,kilogram,op,2020,REMIND-EU_SSP2-NDC,-1.0,EUR_2025,2025,,,,Technical placeholder; replace with researched steam-cracking input price,https://www.ecb.europa.eu/stats/policy_and_exchange_rates/euro_reference_exchange_rates/html/index.en.html,Real constant placeholder,linear,PLACEHOLDER,Negative service price with negative waste-output exchange
"market for hazardous waste, for incineration","hazardous waste, for incineration",CH,kilogram,op,2030,REMIND-EU_SSP2-NDC,-1.0,EUR_2025,2025,,,,Technical placeholder; replace with researched steam-cracking input price,https://www.ecb.europa.eu/stats/policy_and_exchange_rates/euro_reference_exchange_rates/html/index.en.html,Real constant placeholder,linear,PLACEHOLDER,Negative service price with negative waste-output exchange
"market for hazardous waste, for incineration","hazardous waste, for incineration",CH,kilogram,op,2040,REMIND-EU_SSP2-NDC,-1.0,EUR_2025,2025,,,,Technical placeholder; replace with researched steam-cracking input price,https://www.ecb.europa.eu/stats/policy_and_exchange_rates/euro_reference_exchange_rates/html/index.en.html,Real constant placeholder,linear,PLACEHOLDER,Negative service price with negative waste-output exchange
"market for hazardous waste, for incineration","hazardous waste, for incineration",CH,kilogram,op,2050,REMIND-EU_SSP2-NDC,-1.0,EUR_2025,2025,,,,Technical placeholder; replace with researched steam-cracking input price,https://www.ecb.europa.eu/stats/policy_and_exchange_rates/euro_reference_exchange_rates/html/index.en.html,Real constant placeholder,linear,PLACEHOLDER,Negative service price with negative waste-output exchange
"market for hazardous waste, for underground deposit","hazardous waste, for underground deposit",RER,kilogram,op,2020,REMIND-EU_SSP2-NDC,-1.0,EUR_2025,2025,,,,Technical placeholder; replace with researched steam-cracking input price,https://www.ecb.europa.eu/stats/policy_and_exchange_rates/euro_reference_exchange_rates/html/index.en.html,Real constant placeholder,linear,PLACEHOLDER,Negative service price with negative waste-output exchange
"market for hazardous waste, for underground deposit","hazardous waste, for underground deposit",RER,kilogram,op,2030,REMIND-EU_SSP2-NDC,-1.0,EUR_2025,2025,,,,Technical placeholder; replace with researched steam-cracking input price,https://www.ecb.europa.eu/stats/policy_and_exchange_rates/euro_reference_exchange_rates/html/index.en.html,Real constant placeholder,linear,PLACEHOLDER,Negative service price with negative waste-output exchange
"market for hazardous waste, for underground deposit","hazardous waste, for underground deposit",RER,kilogram,op,2040,REMIND-EU_SSP2-NDC,-1.0,EUR_2025,2025,,,,Technical placeholder; replace with researched steam-cracking input price,https://www.ecb.europa.eu/stats/policy_and_exchange_rates/euro_reference_exchange_rates/html/index.en.html,Real constant placeholder,linear,PLACEHOLDER,Negative service price with negative waste-output exchange
"market for hazardous waste, for underground deposit","hazardous waste, for underground deposit",RER,kilogram,op,2050,REMIND-EU_SSP2-NDC,-1.0,EUR_2025,2025,,,,Technical placeholder; replace with researched steam-cracking input price,https://www.ecb.europa.eu/stats/policy_and_exchange_rates/euro_reference_exchange_rates/html/index.en.html,Real constant placeholder,linear,PLACEHOLDER,Negative service price with negative waste-output exchange
"market for inert waste, for final disposal","inert waste, for final disposal",CH,kilogram,op,2020,REMIND-EU_SSP2-NDC,-1.0,EUR_2025,2025,,,,Technical placeholder; replace with researched steam-cracking input price,https://www.ecb.europa.eu/stats/policy_and_exchange_rates/euro_reference_exchange_rates/html/index.en.html,Real constant placeholder,linear,PLACEHOLDER,Negative service price with negative waste-output exchange
"market for inert waste, for final disposal","inert waste, for final disposal",CH,kilogram,op,2030,REMIND-EU_SSP2-NDC,-1.0,EUR_2025,2025,,,,Technical placeholder; replace with researched steam-cracking input price,https://www.ecb.europa.eu/stats/policy_and_exchange_rates/euro_reference_exchange_rates/html/index.en.html,Real constant placeholder,linear,PLACEHOLDER,Negative service price with negative waste-output exchange
"market for inert waste, for final disposal","inert waste, for final disposal",CH,kilogram,op,2040,REMIND-EU_SSP2-NDC,-1.0,EUR_2025,2025,,,,Technical placeholder; replace with researched steam-cracking input price,https://www.ecb.europa.eu/stats/policy_and_exchange_rates/euro_reference_exchange_rates/html/index.en.html,Real constant placeholder,linear,PLACEHOLDER,Negative service price with negative waste-output exchange
"market for inert waste, for final disposal","inert waste, for final disposal",CH,kilogram,op,2050,REMIND-EU_SSP2-NDC,-1.0,EUR_2025,2025,,,,Technical placeholder; replace with researched steam-cracking input price,https://www.ecb.europa.eu/stats/policy_and_exchange_rates/euro_reference_exchange_rates/html/index.en.html,Real constant placeholder,linear,PLACEHOLDER,Negative service price with negative waste-output exchange
market for methanol,methanol,RER w/o RU,kilogram,op,2020,REMIND-EU_SSP2-NDC,1.0,EUR_2025,2025,,,,Technical placeholder; replace with researched steam-cracking input price,https://www.ecb.europa.eu/stats/policy_and_exchange_rates/euro_reference_exchange_rates/html/index.en.html,Real constant placeholder,linear,PLACEHOLDER,
market for methanol,methanol,RER w/o RU,kilogram,op,2030,REMIND-EU_SSP2-NDC,1.0,EUR_2025,2025,,,,Technical placeholder; replace with researched steam-cracking input price,https://www.ecb.europa.eu/stats/policy_and_exchange_rates/euro_reference_exchange_rates/html/index.en.html,Real constant placeholder,linear,PLACEHOLDER,
market for methanol,methanol,RER w/o RU,kilogram,op,2040,REMIND-EU_SSP2-NDC,1.0,EUR_2025,2025,,,,Technical placeholder; replace with researched steam-cracking input price,https://www.ecb.europa.eu/stats/policy_and_exchange_rates/euro_reference_exchange_rates/html/index.en.html,Real constant placeholder,linear,PLACEHOLDER,
market for methanol,methanol,RER w/o RU,kilogram,op,2050,REMIND-EU_SSP2-NDC,1.0,EUR_2025,2025,,,,Technical placeholder; replace with researched steam-cracking input price,https://www.ecb.europa.eu/stats/policy_and_exchange_rates/euro_reference_exchange_rates/html/index.en.html,Real constant placeholder,linear,PLACEHOLDER,
market for naphtha,naphtha,RER,kilogram,op,2020,REMIND-EU_SSP2-NDC,1.0,EUR_2025,2025,,,,Technical placeholder; replace with researched steam-cracking input price,https://www.ecb.europa.eu/stats/policy_and_exchange_rates/euro_reference_exchange_rates/html/index.en.html,Real constant placeholder,linear,PLACEHOLDER,
market for naphtha,naphtha,RER,kilogram,op,2030,REMIND-EU_SSP2-NDC,1.0,EUR_2025,2025,,,,Technical placeholder; replace with researched steam-cracking input price,https://www.ecb.europa.eu/stats/policy_and_exchange_rates/euro_reference_exchange_rates/html/index.en.html,Real constant placeholder,linear,PLACEHOLDER,
market for naphtha,naphtha,RER,kilogram,op,2040,REMIND-EU_SSP2-NDC,1.0,EUR_2025,2025,,,,Technical placeholder; replace with researched steam-cracking input price,https://www.ecb.europa.eu/stats/policy_and_exchange_rates/euro_reference_exchange_rates/html/index.en.html,Real constant placeholder,linear,PLACEHOLDER,
market for naphtha,naphtha,RER,kilogram,op,2050,REMIND-EU_SSP2-NDC,1.0,EUR_2025,2025,,,,Technical placeholder; replace with researched steam-cracking input price,https://www.ecb.europa.eu/stats/policy_and_exchange_rates/euro_reference_exchange_rates/html/index.en.html,Real constant placeholder,linear,PLACEHOLDER,
market for natural gas liquids,natural gas liquids,RoW,kilogram,op,2020,REMIND-EU_SSP2-NDC,1.0,EUR_2025,2025,,,,Technical placeholder; replace with researched steam-cracking input price,https://www.ecb.europa.eu/stats/policy_and_exchange_rates/euro_reference_exchange_rates/html/index.en.html,Real constant placeholder,linear,PLACEHOLDER,
market for natural gas liquids,natural gas liquids,RoW,kilogram,op,2030,REMIND-EU_SSP2-NDC,1.0,EUR_2025,2025,,,,Technical placeholder; replace with researched steam-cracking input price,https://www.ecb.europa.eu/stats/policy_and_exchange_rates/euro_reference_exchange_rates/html/index.en.html,Real constant placeholder,linear,PLACEHOLDER,
market for natural gas liquids,natural gas liquids,RoW,kilogram,op,2040,REMIND-EU_SSP2-NDC,1.0,EUR_2025,2025,,,,Technical placeholder; replace with researched steam-cracking input price,https://www.ecb.europa.eu/stats/policy_and_exchange_rates/euro_reference_exchange_rates/html/index.en.html,Real constant placeholder,linear,PLACEHOLDER,
market for natural gas liquids,natural gas liquids,RoW,kilogram,op,2050,REMIND-EU_SSP2-NDC,1.0,EUR_2025,2025,,,,Technical placeholder; replace with researched steam-cracking input price,https://www.ecb.europa.eu/stats/policy_and_exchange_rates/euro_reference_exchange_rates/html/index.en.html,Real constant placeholder,linear,PLACEHOLDER,
"market for nitrogen, liquid","nitrogen, liquid",RER,kilogram,op,2020,REMIND-EU_SSP2-NDC,1.0,EUR_2025,2025,,,,Technical placeholder; replace with researched steam-cracking input price,https://www.ecb.europa.eu/stats/policy_and_exchange_rates/euro_reference_exchange_rates/html/index.en.html,Real constant placeholder,linear,PLACEHOLDER,
"market for nitrogen, liquid","nitrogen, liquid",RER,kilogram,op,2030,REMIND-EU_SSP2-NDC,1.0,EUR_2025,2025,,,,Technical placeholder; replace with researched steam-cracking input price,https://www.ecb.europa.eu/stats/policy_and_exchange_rates/euro_reference_exchange_rates/html/index.en.html,Real constant placeholder,linear,PLACEHOLDER,
"market for nitrogen, liquid","nitrogen, liquid",RER,kilogram,op,2040,REMIND-EU_SSP2-NDC,1.0,EUR_2025,2025,,,,Technical placeholder; replace with researched steam-cracking input price,https://www.ecb.europa.eu/stats/policy_and_exchange_rates/euro_reference_exchange_rates/html/index.en.html,Real constant placeholder,linear,PLACEHOLDER,
"market for nitrogen, liquid","nitrogen, liquid",RER,kilogram,op,2050,REMIND-EU_SSP2-NDC,1.0,EUR_2025,2025,,,,Technical placeholder; replace with researched steam-cracking input price,https://www.ecb.europa.eu/stats/policy_and_exchange_rates/euro_reference_exchange_rates/html/index.en.html,Real constant placeholder,linear,PLACEHOLDER,
market for propane,propane,RoW,kilogram,op,2020,REMIND-EU_SSP2-NDC,1.0,EUR_2025,2025,,,,Technical placeholder; replace with researched steam-cracking input price,https://www.ecb.europa.eu/stats/policy_and_exchange_rates/euro_reference_exchange_rates/html/index.en.html,Real constant placeholder,linear,PLACEHOLDER,
market for propane,propane,RoW,kilogram,op,2030,REMIND-EU_SSP2-NDC,1.0,EUR_2025,2025,,,,Technical placeholder; replace with researched steam-cracking input price,https://www.ecb.europa.eu/stats/policy_and_exchange_rates/euro_reference_exchange_rates/html/index.en.html,Real constant placeholder,linear,PLACEHOLDER,
market for propane,propane,RoW,kilogram,op,2040,REMIND-EU_SSP2-NDC,1.0,EUR_2025,2025,,,,Technical placeholder; replace with researched steam-cracking input price,https://www.ecb.europa.eu/stats/policy_and_exchange_rates/euro_reference_exchange_rates/html/index.en.html,Real constant placeholder,linear,PLACEHOLDER,
market for propane,propane,RoW,kilogram,op,2050,REMIND-EU_SSP2-NDC,1.0,EUR_2025,2025,,,,Technical placeholder; replace with researched steam-cracking input price,https://www.ecb.europa.eu/stats/policy_and_exchange_rates/euro_reference_exchange_rates/html/index.en.html,Real constant placeholder,linear,PLACEHOLDER,
market for refinery gas,refinery gas,GLO,kilogram,op,2020,REMIND-EU_SSP2-NDC,1.0,EUR_2025,2025,,,,Technical placeholder; replace with researched steam-cracking input price,https://www.ecb.europa.eu/stats/policy_and_exchange_rates/euro_reference_exchange_rates/html/index.en.html,Real constant placeholder,linear,PLACEHOLDER,
market for refinery gas,refinery gas,GLO,kilogram,op,2030,REMIND-EU_SSP2-NDC,1.0,EUR_2025,2025,,,,Technical placeholder; replace with researched steam-cracking input price,https://www.ecb.europa.eu/stats/policy_and_exchange_rates/euro_reference_exchange_rates/html/index.en.html,Real constant placeholder,linear,PLACEHOLDER,
market for refinery gas,refinery gas,GLO,kilogram,op,2040,REMIND-EU_SSP2-NDC,1.0,EUR_2025,2025,,,,Technical placeholder; replace with researched steam-cracking input price,https://www.ecb.europa.eu/stats/policy_and_exchange_rates/euro_reference_exchange_rates/html/index.en.html,Real constant placeholder,linear,PLACEHOLDER,
market for refinery gas,refinery gas,GLO,kilogram,op,2050,REMIND-EU_SSP2-NDC,1.0,EUR_2025,2025,,,,Technical placeholder; replace with researched steam-cracking input price,https://www.ecb.europa.eu/stats/policy_and_exchange_rates/euro_reference_exchange_rates/html/index.en.html,Real constant placeholder,linear,PLACEHOLDER,
"market for sodium hydroxide, without water, in 50% solution state","sodium hydroxide, without water, in 50% solution state",RER,kilogram,op,2020,REMIND-EU_SSP2-NDC,1.0,EUR_2025,2025,,,,Technical placeholder; replace with researched steam-cracking input price,https://www.ecb.europa.eu/stats/policy_and_exchange_rates/euro_reference_exchange_rates/html/index.en.html,Real constant placeholder,linear,PLACEHOLDER,
"market for sodium hydroxide, without water, in 50% solution state","sodium hydroxide, without water, in 50% solution state",RER,kilogram,op,2030,REMIND-EU_SSP2-NDC,1.0,EUR_2025,2025,,,,Technical placeholder; replace with researched steam-cracking input price,https://www.ecb.europa.eu/stats/policy_and_exchange_rates/euro_reference_exchange_rates/html/index.en.html,Real constant placeholder,linear,PLACEHOLDER,
"market for sodium hydroxide, without water, in 50% solution state","sodium hydroxide, without water, in 50% solution state",RER,kilogram,op,2040,REMIND-EU_SSP2-NDC,1.0,EUR_2025,2025,,,,Technical placeholder; replace with researched steam-cracking input price,https://www.ecb.europa.eu/stats/policy_and_exchange_rates/euro_reference_exchange_rates/html/index.en.html,Real constant placeholder,linear,PLACEHOLDER,
"market for sodium hydroxide, without water, in 50% solution state","sodium hydroxide, without water, in 50% solution state",RER,kilogram,op,2050,REMIND-EU_SSP2-NDC,1.0,EUR_2025,2025,,,,Technical placeholder; replace with researched steam-cracking input price,https://www.ecb.europa.eu/stats/policy_and_exchange_rates/euro_reference_exchange_rates/html/index.en.html,Real constant placeholder,linear,PLACEHOLDER,
"market for wastewater, average","wastewater, average",CH,cubic meter,op,2020,REMIND-EU_SSP2-NDC,-1.0,EUR_2025,2025,,,,Technical placeholder; replace with researched steam-cracking input price,https://www.ecb.europa.eu/stats/policy_and_exchange_rates/euro_reference_exchange_rates/html/index.en.html,Real constant placeholder,linear,PLACEHOLDER,Negative service price with negative waste-output exchange
"market for wastewater, average","wastewater, average",CH,cubic meter,op,2030,REMIND-EU_SSP2-NDC,-1.0,EUR_2025,2025,,,,Technical placeholder; replace with researched steam-cracking input price,https://www.ecb.europa.eu/stats/policy_and_exchange_rates/euro_reference_exchange_rates/html/index.en.html,Real constant placeholder,linear,PLACEHOLDER,Negative service price with negative waste-output exchange
"market for wastewater, average","wastewater, average",CH,cubic meter,op,2040,REMIND-EU_SSP2-NDC,-1.0,EUR_2025,2025,,,,Technical placeholder; replace with researched steam-cracking input price,https://www.ecb.europa.eu/stats/policy_and_exchange_rates/euro_reference_exchange_rates/html/index.en.html,Real constant placeholder,linear,PLACEHOLDER,Negative service price with negative waste-output exchange
"market for wastewater, average","wastewater, average",CH,cubic meter,op,2050,REMIND-EU_SSP2-NDC,-1.0,EUR_2025,2025,,,,Technical placeholder; replace with researched steam-cracking input price,https://www.ecb.europa.eu/stats/policy_and_exchange_rates/euro_reference_exchange_rates/html/index.en.html,Real constant placeholder,linear,PLACEHOLDER,Negative service price with negative waste-output exchange
"market for water, deionised","water, deionised",CH,kilogram,op,2020,REMIND-EU_SSP2-NDC,1.0,EUR_2025,2025,,,,Technical placeholder; replace with researched steam-cracking input price,https://www.ecb.europa.eu/stats/policy_and_exchange_rates/euro_reference_exchange_rates/html/index.en.html,Real constant placeholder,linear,PLACEHOLDER,
"market for water, deionised","water, deionised",CH,kilogram,op,2030,REMIND-EU_SSP2-NDC,1.0,EUR_2025,2025,,,,Technical placeholder; replace with researched steam-cracking input price,https://www.ecb.europa.eu/stats/policy_and_exchange_rates/euro_reference_exchange_rates/html/index.en.html,Real constant placeholder,linear,PLACEHOLDER,
"market for water, deionised","water, deionised",CH,kilogram,op,2040,REMIND-EU_SSP2-NDC,1.0,EUR_2025,2025,,,,Technical placeholder; replace with researched steam-cracking input price,https://www.ecb.europa.eu/stats/policy_and_exchange_rates/euro_reference_exchange_rates/html/index.en.html,Real constant placeholder,linear,PLACEHOLDER,
"market for water, deionised","water, deionised",CH,kilogram,op,2050,REMIND-EU_SSP2-NDC,1.0,EUR_2025,2025,,,,Technical placeholder; replace with researched steam-cracking input price,https://www.ecb.europa.eu/stats/policy_and_exchange_rates/euro_reference_exchange_rates/html/index.en.html,Real constant placeholder,linear,PLACEHOLDER,
"market group for electricity, medium voltage","electricity, medium voltage",DEU,kilowatt hour,op,2020,REMIND-EU_SSP2-NDC,1.0,EUR_2025,2025,,,,Technical placeholder; replace with researched steam-cracking input price,https://www.ecb.europa.eu/stats/policy_and_exchange_rates/euro_reference_exchange_rates/html/index.en.html,Real constant placeholder,linear,PLACEHOLDER,
"market group for electricity, medium voltage","electricity, medium voltage",DEU,kilowatt hour,op,2030,REMIND-EU_SSP2-NDC,1.0,EUR_2025,2025,,,,Technical placeholder; replace with researched steam-cracking input price,https://www.ecb.europa.eu/stats/policy_and_exchange_rates/euro_reference_exchange_rates/html/index.en.html,Real constant placeholder,linear,PLACEHOLDER,
"market group for electricity, medium voltage","electricity, medium voltage",DEU,kilowatt hour,op,2040,REMIND-EU_SSP2-NDC,1.0,EUR_2025,2025,,,,Technical placeholder; replace with researched steam-cracking input price,https://www.ecb.europa.eu/stats/policy_and_exchange_rates/euro_reference_exchange_rates/html/index.en.html,Real constant placeholder,linear,PLACEHOLDER,
"market group for electricity, medium voltage","electricity, medium voltage",DEU,kilowatt hour,op,2050,REMIND-EU_SSP2-NDC,1.0,EUR_2025,2025,,,,Technical placeholder; replace with researched steam-cracking input price,https://www.ecb.europa.eu/stats/policy_and_exchange_rates/euro_reference_exchange_rates/html/index.en.html,Real constant placeholder,linear,PLACEHOLDER,
